{
  "k": 5,
  "results": {
    "fixed+traditional": {
      "hit_rate@k": 0.5,
      "mrr": 0.365,
      "precision@k": 0.23600000000000002,
      "ndcg@k": 0.7170267851895089
    },
    "fixed+bm25": {
      "hit_rate@k": 0.56,
      "mrr": 0.41133333333333333,
      "precision@k": 0.20400000000000001,
      "ndcg@k": 0.674882047913887
    },
    "fixed+hyde": {
      "hit_rate@k": 0.44,
      "mrr": 0.29100000000000004,
      "precision@k": 0.20800000000000002,
      "ndcg@k": 0.6107943909602769
    },
    "semantic+traditional": {
      "hit_rate@k": 0.54,
      "mrr": 0.40399999999999997,
      "precision@k": 0.252,
      "ndcg@k": 0.7758772384975
    },
    "semantic+bm25": {
      "hit_rate@k": 0.56,
      "mrr": 0.4513333333333333,
      "precision@k": 0.264,
      "ndcg@k": 0.8559133880262085
    },
    "semantic+hyde": {
      "hit_rate@k": 0.48,
      "mrr": 0.3606666666666667,
      "precision@k": 0.244,
      "ndcg@k": 0.7456403163509768
    },
    "agentic+traditional": {
      "hit_rate@k": 0.5,
      "mrr": 0.425,
      "precision@k": 0.21600000000000003,
      "ndcg@k": 0.724016402876012
    },
    "agentic+bm25": {
      "hit_rate@k": 0.58,
      "mrr": 0.4023333333333333,
      "precision@k": 0.23600000000000002,
      "ndcg@k": 0.7415526729001272
    },
    "agentic+hyde": {
      "hit_rate@k": 0.42,
      "mrr": 0.319,
      "precision@k": 0.188,
      "ndcg@k": 0.5975006429853162
    }
  }
}