{
  "k": 5,
  "results": {
    "fixed+traditional": {
      "hit_rate@k": 0.5,
      "mrr": 0.365,
      "precision@k": 0.23600000000000002,
      "ndcg@k": 0.7170267851895089
    },
    "fixed+bm25": {
      "hit_rate@k": 0.56,
      "mrr": 0.41133333333333333,
      "precision@k": 0.20400000000000001,
      "ndcg@k": 0.674882047913887
    },
    "fixed+hyde": {
      "hit_rate@k": 0.46,
      "mrr": 0.295,
      "precision@k": 0.20800000000000002,
      "ndcg@k": 0.6107943909602769
    },
    "semantic+traditional": {
      "hit_rate@k": 0.54,
      "mrr": 0.4006666666666667,
      "precision@k": 0.248,
      "ndcg@k": 0.7646451122646031
    },
    "semantic+bm25": {
      "hit_rate@k": 0.56,
      "mrr": 0.4513333333333333,
      "precision@k": 0.264,
      "ndcg@k": 0.8545269191876764
    },
    "semantic+hyde": {
      "hit_rate@k": 0.5,
      "mrr": 0.36133333333333334,
      "precision@k": 0.244,
      "ndcg@k": 0.7473932663845307
    },
    "agentic+traditional": {
      "hit_rate@k": 0.52,
      "mrr": 0.425,
      "precision@k": 0.22,
      "ndcg@k": 0.7313621942685442
    },
    "agentic+bm25": {
      "hit_rate@k": 0.58,
      "mrr": 0.395,
      "precision@k": 0.22400000000000003,
      "ndcg@k": 0.7082945249584444
    },
    "agentic+hyde": {
      "hit_rate@k": 0.44,
      "mrr": 0.3306666666666667,
      "precision@k": 0.20400000000000001,
      "ndcg@k": 0.6378671241803381
    }
  }
}