{
  "k": 5,
  "results": {
    "fixed+traditional": {
      "hit_rate@k": 0.48,
      "mrr": 0.33166666666666667,
      "precision@k": 0.21600000000000003,
      "ndcg@k": 0.648057602811921,
      "ragas_context_precision": 0.3845555555284925,
      "ragas_context_recall": 0.52,
      "ragas_faithfulness": 0.4333333333333333,
      "ragas_answer_relevancy": 0.261323460838322
    },
    "fixed+bm25": {
      "hit_rate@k": 0.56,
      "mrr": 0.41133333333333333,
      "precision@k": 0.20400000000000001,
      "ndcg@k": 0.674882047913887,
      "ragas_context_precision": 0.518249999961791,
      "ragas_context_recall": 0.72,
      "ragas_faithfulness": 0.78,
      "ragas_answer_relevancy": 0.3801841021094472
    },
    "fixed+hyde": {
      "hit_rate@k": 0.46,
      "mrr": 0.295,
      "precision@k": 0.21600000000000003,
      "ndcg@k": 0.6288870983210877,
      "ragas_context_precision": 0.2899722222032905,
      "ragas_context_recall": 0.34,
      "ragas_faithfulness": 0.3733333333333333,
      "ragas_answer_relevancy": 0.18358608054557693
    },
    "semantic+traditional": {
      "hit_rate@k": 0.5,
      "mrr": 0.4083333333333334,
      "precision@k": 0.23600000000000002,
      "ndcg@k": 0.7583161849162482,
      "ragas_context_precision": 0.26588888887138706,
      "ragas_context_recall": 0.36,
      "ragas_faithfulness": 0.43,
      "ragas_answer_relevancy": 0.17300945260674483
    },
    "semantic+bm25": {
      "hit_rate@k": 0.5,
      "mrr": 0.39,
      "precision@k": 0.2,
      "ndcg@k": 0.6526191040585779,
      "ragas_context_precision": 0.42133333330415,
      "ragas_context_recall": 0.48,
      "ragas_faithfulness": 0.64,
      "ragas_answer_relevancy": 0.28517779061762094
    },
    "semantic+hyde": {
      "hit_rate@k": 0.44,
      "mrr": 0.3356666666666667,
      "precision@k": 0.21600000000000003,
      "ndcg@k": 0.6606508783335436,
      "ragas_context_precision": 0.25816666664868054,
      "ragas_context_recall": 0.22,
      "ragas_faithfulness": 0.37,
      "ragas_answer_relevancy": 0.1300667711625398
    },
    "agentic+traditional": {
      "hit_rate@k": 0.48,
      "mrr": 0.37166666666666665,
      "precision@k": 0.22,
      "ndcg@k": 0.6944190200969816,
      "ragas_context_precision": 0.31969444442118866,
      "ragas_context_recall": 0.42,
      "ragas_faithfulness": 0.44,
      "ragas_answer_relevancy": 0.2624665234091453
    },
    "agentic+bm25": {
      "hit_rate@k": 0.5,
      "mrr": 0.40399999999999997,
      "precision@k": 0.21600000000000003,
      "ndcg@k": 0.707701951595801,
      "ragas_context_precision": 0.4711666666338638,
      "ragas_context_recall": 0.56,
      "ragas_faithfulness": 0.86,
      "ragas_answer_relevancy": 0.4339130217110273
    },
    "agentic+hyde": {
      "hit_rate@k": 0.46,
      "mrr": 0.385,
      "precision@k": 0.22400000000000003,
      "ndcg@k": 0.7224647614529428,
      "ragas_context_precision": 0.3379999999760555,
      "ragas_context_recall": 0.4,
      "ragas_faithfulness": 0.44,
      "ragas_answer_relevancy": 0.20507082677413815
    }
  }
}