pipeline,hit_rate@k,mrr,precision@k,ndcg@k,ragas_context_precision,ragas_context_recall,ragas_faithfulness,ragas_answer_relevancy,k
agentic+bm25,0.500000,0.404000,0.216000,0.707702,0.471167,0.560000,0.860000,0.433913,5
agentic+hyde,0.460000,0.385000,0.224000,0.722465,0.338000,0.400000,0.440000,0.205071,5
agentic+traditional,0.480000,0.371667,0.220000,0.694419,0.319694,0.420000,0.440000,0.262467,5
fixed+bm25,0.560000,0.411333,0.204000,0.674882,0.518250,0.720000,0.780000,0.380184,5
fixed+hyde,0.460000,0.295000,0.216000,0.628887,0.289972,0.340000,0.373333,0.183586,5
fixed+traditional,0.480000,0.331667,0.216000,0.648058,0.384556,0.520000,0.433333,0.261323,5
semantic+bm25,0.500000,0.390000,0.200000,0.652619,0.421333,0.480000,0.640000,0.285178,5
semantic+hyde,0.440000,0.335667,0.216000,0.660651,0.258167,0.220000,0.370000,0.130067,5
semantic+traditional,0.500000,0.408333,0.236000,0.758316,0.265889,0.360000,0.430000,0.173009,5
