pipeline,hit_rate@k,mrr,precision@k,ndcg@k,k
agentic+bm25,0.500000,0.404000,0.216000,0.707702,5
agentic+hyde,0.460000,0.385000,0.224000,0.722465,5
agentic+traditional,0.480000,0.371667,0.220000,0.694419,5
fixed+bm25,0.560000,0.411333,0.204000,0.674882,5
fixed+hyde,0.460000,0.295000,0.216000,0.628887,5
fixed+traditional,0.480000,0.331667,0.216000,0.648058,5
semantic+bm25,0.500000,0.390000,0.200000,0.652619,5
semantic+hyde,0.440000,0.335667,0.216000,0.660651,5
semantic+traditional,0.500000,0.408333,0.236000,0.758316,5
