{
  "k": 5,
  "results": {
    "fixed+traditional": {
      "hit_rate@k": 0.48,
      "mrr": 0.33166666666666667,
      "precision@k": 0.21600000000000003,
      "ndcg@k": 0.648057602811921
    },
    "fixed+bm25": {
      "hit_rate@k": 0.56,
      "mrr": 0.41133333333333333,
      "precision@k": 0.20400000000000001,
      "ndcg@k": 0.674882047913887
    },
    "fixed+hyde": {
      "hit_rate@k": 0.46,
      "mrr": 0.295,
      "precision@k": 0.21600000000000003,
      "ndcg@k": 0.6288870983210877
    },
    "semantic+traditional": {
      "hit_rate@k": 0.5,
      "mrr": 0.4083333333333334,
      "precision@k": 0.23600000000000002,
      "ndcg@k": 0.7583161849162482
    },
    "semantic+bm25": {
      "hit_rate@k": 0.5,
      "mrr": 0.39,
      "precision@k": 0.2,
      "ndcg@k": 0.6526191040585779
    },
    "semantic+hyde": {
      "hit_rate@k": 0.44,
      "mrr": 0.3356666666666667,
      "precision@k": 0.21600000000000003,
      "ndcg@k": 0.6606508783335436
    },
    "agentic+traditional": {
      "hit_rate@k": 0.48,
      "mrr": 0.37166666666666665,
      "precision@k": 0.22,
      "ndcg@k": 0.6944190200969816
    },
    "agentic+bm25": {
      "hit_rate@k": 0.5,
      "mrr": 0.40399999999999997,
      "precision@k": 0.21600000000000003,
      "ndcg@k": 0.707701951595801
    },
    "agentic+hyde": {
      "hit_rate@k": 0.46,
      "mrr": 0.385,
      "precision@k": 0.22400000000000003,
      "ndcg@k": 0.7224647614529428
    }
  }
}